SEC_NM_KOR,BPS,PER,PBR,EPS,DIV,DPS,매출액,영업이익,당기순이익,ROA,ROE,베타,MKT_VAL,Score
유틸리티,106087.0,32.45176470588235,1.1364705882352941,5693.64705882353,2.8994117647058824,1307.3529411764705,18977.235294117647,-3598.529411764706,-2754.823529411765,3.2470588235294118,5.852941176470588,0.39235294117647057,624011.7647058824,7.0588235294117645
건강관리,10434.946619217082,26.249110320284696,3.4152669039145906,814.0284697508897,0.6377224199288256,124.7864768683274,540.0818505338078,51.22419928825623,46.903914590747334,-1.2704626334519573,-1461.5761565836299,0.9562577224199288,347073.89323843416,5.537366548042705
필수소비재,60567.13,12.230699999999999,1.2411,4289.28,1.7837,719.17,3866.59,260.45,183.34,2.525,4.079,0.7311,274516.05,5.15
산업재,20988.79083094556,34.75318051575931,1.4293409742120344,1636.0343839541547,1.666160458452722,333.2865329512894,5517.670487106017,424.3295128939828,313.91404011461316,3.0550143266475644,2.780515759312321,0.8958175071633238,349453.5157593123,4.922636103151863
금융,31795.4578313253,6.739036144578313,0.6890361445783132,3783.89156626506,4.460120481927711,823.2409638554217,25541.650602409638,1591.0602409638554,1250.6024096385543,1.7686746987951805,9.175903614457832,0.7632304819277108,1104869.2048192772,4.903614457831325
커뮤니케이션서비스,16708.385964912282,23.92763157894737,1.9586842105263158,2776.342105263158,0.8325438596491228,269.5438596491228,2445.6491228070176,230.64912280701753,133.8859649122807,0.4298245614035088,-1.0026315789473683,0.930448596491228,772715.3333333334,4.824561403508772
