SEC_NM_KOR,BPS,PER,PBR,EPS,DIV,DPS,매출액,영업이익,당기순이익,ROA,ROE,베타,MKT_VAL,Score
유틸리티,106087.0,32.45176470588235,1.1364705882352941,5693.64705882353,2.8994117647058824,1307.3529411764705,18977.235294117647,-3598.529411764706,-2754.823529411765,3.2470588235294118,5.852941176470588,0.39235294117647057,624011.7647058824,7.470588235294118
건강관리,10434.946619217082,26.249110320284696,3.4152669039145906,814.0284697508897,0.6377224199288256,124.7864768683274,540.0818505338078,51.22419928825623,46.903914590747334,-1.2704626334519573,-1461.5761565836299,0.9562577224199288,347073.89323843416,5.900355871886121
필수소비재,60567.13,12.230699999999999,1.2411,4289.28,1.7837,719.17,3866.59,260.45,183.34,2.525,4.079,0.7311,274516.05,5.53
